__claire_k__,7
__kaylalee,3
__supersisco__,1
_eeeemma_,1
_emilychow_,5
_jahnvimadan_,6
_jenniferheng_,30
_lynnechow,16
_rosapeterson,2
_sukayyy_,7
99lsn,15
adelineruong,2
alexandria_burnett,1
allessandramilan,3
allifen__,30
allison.chang1162,1
allisonylee01,2
alyssalung13,2
annehashi,8
anushri_rao_,5
anyaconnett,1
art_.by_.kat,4
astronomaphotography,1
athena.bao,6
averyhanneman13,1
ayamebarton,12
bellaachang,1
black_alena1096,1
brianna_nicole4937,3
brittybrittybrit,1
caitlinliang,11
celinayuu_,16
chaelicen,2
cheyenne.britt,2
chloeolsen.m,1
cruz__cruise,3
cynntan,1
daminikhera,1
dominique.visperas,4
donikasaqipi,8
dont.be.a.kasshole,1
elice.lovell19,12
elisa_.lee,4
elizabeth_banh,1
elizabethlew_,3
emil.yclark,3
emily_wonton,10
emily.hatch.what,1
erin.yee,1
erinmaiko,2
essernity,11
esther_hwang,8
feeleeceetee,2
fiona.yang,13
fujikeila,6
gene.oh,6
glorglorlee,13
govipusarla,1
grac.epar.k,1
gracezhang__,6
harmonyshark,8
hayley_r1007,9
heather.yuan,2
hmm.__._,2
icefox11,1
ilsa.w_,3
irisgkim,6
isabeibeiz,2
isabella_marie_m,4
isahamspam,17
ivyhuangggg,9
izayiahs,1
izzy_choi,1
jazzy.louie,6
jennifer_threshlover,1
jessdabombdiggity,2
jessehattan,2
jessica_woon,6
jmarsky,6
joannaabishag,1
jordamn_vu,1
juliajinhonglee,9
kaitlynbush_,6
kajal.gogri,3
kaleybirchfield,1
kalllllllllllly,3
katie_jeand,2
katiebrodsky7,3
katy.spencer,2
kava.cado,18
kayaolson,2
kelliexdao,6
kellyhong02,9
kelsyin,1
kerstinhuang,6
kim.d0,2
laciehoang,2
lalalaurafern,29
lauren.ponte,4
laurenn.huynh,2
leeejoanna,8
lenastern,6
lil_crocs_the_rapper,1
lovely.sarai,6
ls.cs,9
lulumackinnon,13
macy_scott,1
maddie.weiser,2
madmadrobertson,4
maqeline,10
mayaatoribio,4
meechellee__,1
meganluuu,4
melindaguo,1
mhauggy,9
miss.clifford,2
missmenagerie,1
misteah,1
mones_sanaie,1
myra.thigh,1
neda_ali_j,1
ohanaaaaaaaaa,2
oliviagolan,5
pooja.thorali,3
prayushi_sharma,1
queen.nhu,1
rachel.nam,9
raiakarmali,11
riaspberry,13
robinfern613,14
sachimadan,9
sarah.crumrine,1
sarah.qwinn,5
sarahson_,1
sashakhy,1
shelby.millen,1
shruti.dasamandam,3
sissiwang12,1
skyrey1985,18
smrmjustice,1
soph.lyfe,1
stephdo_,6
sydneykuehner,4
thatskrystal,3
tiff.low,4
trash_art_by_trash,1
trissymissy,16
xx.vincee,12
ye.rin.yang,11